"","x"
"1","John W  Borchert"
"2","Rep  Ashton Clemmons"
"3","Amari"
"4","UNCG"
"5","Chancellor Gilliam"
"6","E J  Hammon         "
"7","Master Writers"
"8","E  LionPaw Lamothe"
"9","matthew stahl"
"10","Mani    "
"11","David Lee"
"12","MFA Greensboro"
"13","UNCG College of Arts   Sciences"
"14","US Pro Academic Writers"
"15","UNCG Admissions"
"16","UNCG Your First Year"
"17","CyanidePretty"
"18","Joe Saragusa"
"19","UNCGNursing"
"20","Travious Sept        "
"21","Jarrett"
"22","Karen Babine"
"23","Mitch Croatt"
"24","Jaime Ibarra"
"25","Fifth Quarter CCU         "
"26","JackieJay       "
"27","Matthew Serrano"
"28","Assay  A Journal of Nonfiction Studies"
"29","Victoria Cox"
"30","Terry L  Kennedy"
"31","Prep Hoops Maryland"
"32","Josh Palmer"
"33","Angel Leonardo"
"34","Will Durham"
"35","Colby Giacubeno"
"36","NC 4 Freedom of the Press"
"37","Shane Mettlen"
"38","UNC Greensboro WeatherSTEM"
"39","S A G I T E R R O R I S T     "
"40","Kyn                  "
"41","Christine Murray"
"42","Djecol"
"43","BIG TRAP             "
"44","Jefferson Clemmons  MS"
"45","Celia R Hooper"
"46","De Asia    "
"47","Ember Canty"
"48","Randy Schneider"
"49","Lizzy Lesley"
"50","LaTisha Cartwright"
"51","  Jonathan         "
"52","SUPA"
"53","NateDawgsPlace"
"54","Rob from Chester  Pa"
"55","Toni"
"56","Boston        UMass        Sports      JC      OF BOS"
"57","Tashyra"
"58","jojo"
"59","Latrice Perkins"
"60","Volunteer Country on SI"
"61","Jack Foster"
"62","UNCG WBB"
"63","Richard Bouknight"
"64","Yannick Denson"
"65","Carlie"
"66","UMassHoops com"
"67","listenkari        "
"68","JM    "
"69","Josh Ridley"
"70","Essay Millers"
"71","CofC Women s Basketball"
"72","Josh Brock"
"73","NiceBot"
"74","Daily News Record Sports"
"75","CAA Basketball"
"76","ky"
"77","Keimesha Freeman"
"78","Natalie    "
"79","Lennione     "
"80","                                               "
"81","Derek A  A"
"82","Coach Zill"
"83","Indie Spirit Live "
"84","Ari"
"85","R  ben  Luna  Sousa  Taylor s Version "
"86","Converse Esports"
"87","UMass Dynasty"
"88","UMass Stats"
"89","Sandlapper Spike"
"90","Amela Qershia"
"91","Steve Roth"
"92","jeannie"
"93","Verbal Commits"
"94","dym    "
"95","Visit Tybee"
"96","Dakarai Farmer"
"97","AERA TICL"
"98","Don Williams"
"99","kub"
"100","Bert The Falls Guy"
"101","Mr Outsouf4      "
"102","UNCG Research"
"103","TruckLoad"
"104","AERA"
"105","Certified Essay Girl "
"106","    "
"107","Austin Parsley"
"108","Macmillan Learning"
"109","Th  o Collomb"
"110","     based electro king"
"111","Ant"
"112","Great Value Kratos"
"113","BINX LADEN     "
"114","Petrie"
"115","Somya Mohanty"
"116","PeachStCollegeSports"
"117","      "
"118","UNCG Athletics"
"119","Shay     "
"120","UNCG Men s Soccer"
"121","Kayla Campbell    "
"122","Downtown Greensboro"
"123","dyl"
"124","UNCG Students First"
"125","CCSD Title I HOPE"
"126","UNCG ITS"
"127","Christian Wilson Poole"
"128","TheGreensboroReview"
"129","NEO LIFE"
"130","Ashley"
"131","Gabriella Eley"
"132","NT"
"133","Melissa  Essay writer"
"134","UNCG Volleyball"
"135","Elizabeth Keri"
"136","UNC Greensboro School of Education"
"137","Laurence Valachovic"
"138","Tesh"
"139","Chris Floore  CPC"
"140","Essays  Research   Assignment Quizzes  Top helpers"
"141","Naseh essays assignments"
"142","Forbes Communications Council"
"143","TheBadGuy    "
"144","he  renewed "
"145","Preston Blakely"
"146","Tylaaa      "
"147","Autumn Karen"
"148","Severus Draco"
"149","AlaskaQuarterlyReview"
"150","John Z  Kiss"
"151","Christina Spears"
"152","Jay Metzger"
"153","CARS Dept  UNCG"
"154","Lea Leininger"
"155","BodyGoals Beauty Lounge"
"156","Lil Bit "
"157","tay"
"158","UTRGV          "
"159","Molly"
"160","UNC Greensboro Graduate School"
"161","Dolly the Academic Writer    "
"162","Princess    "
"163","UNCG TeacherEd HigherEd"
"164","NCHE"
"165","Chad"
"166","UNCG Student Affairs"
"167","Class Help Homework prof Assignment Gurus"
"168","Raptorz"
"169","Greg Starbuck"
"170","Owen"
"171","Mary Essays"
"172","rico blvck    "
"173","Dom"
"174","M M Tutoring Service"
"175","sasha"
"176","David Mills"
"177","UNCG SES"
"178","UNCG Financial Aid"
"179","UNCG Alumni"
"180","mister merry"
"181","Vee   "
"182","UNCG Engagement"
"183","lay"
"184","Ja "
"185","Nia Covington"
"186","444"
"187","The UNCG MBA"
"188","Jennifer Feather"
"189","Felicia cain"
"190","purr "
"191","melody joy kramer"
"192","MeeshMash"
"193","T  Temptation"
"194","Essays  Assignments   Online class Help"
"195","CASTest2050001283"
"196","Toria     "
"197","la santa"
"198","Kalynda Gonzales PhD"
"199","ESSAY  ASSIGNMENTS  FALL CLASS  HOMEWORK HELP"
"200","Wei       "
"201","UNCG Esports"
"202","Q"
"203","Trey Yarnall"
"204","Tcup     "
"205","Tawney Parsley"
"206","Sasha writer        "
"207","Krystal Hall   Plus Influencer   Personal Stylist"
"208","lil dee"
"209","Alana    "
"210","MitraClip Bot"
"211","Roger Moore"
"212","JC   unwilling to be perceived"
"213","Johnny P"
"214","President St  Patrick           "
"215","T  D  Warmath"
"216","Major Madness"
"217","Burgaw Middle School"
"218","UNCG Dance Team"
"219","Ashton Schwab"
"220","Donald  like the duck"
"221","Mugiwara Masa 1                         "
"222","Mainstage Gaming Network"
"223","Matthew Snyder"
"224","Triad Business Journal"
"225","Rowan Watt"
"226","Varsity E Sports"
"227","Mainstage Collegiate Esports Association"
"228","Gaming Ultimatum"
"229","Priority Cleaning   Property Maintence"
"230","Lois Miles"
"231","ellie W"
"232","Des"
"233","rian"
"234","Ian Aitken"
"235","John"
"236","Lsinda"
"237","Cam      "
"238","TReese82"
"239","Dallas Callahan"
"240","baby deuce"
"241","News   Record"
"242","nay   "
"243","FC Revolution Soccer"
"244","Phil         "
"245","Price King"
"246","luke jenkins"
"247","Daniel Cerda"
"248","College of Charleston Athletic Fund"
"249","Zack Mallia"
"250","Collin Fowler"
"251","austin koehn"
"252","9 hours 9 burgers 9 kings      endwalker spoilers"
"253","Miss Cleopatra Bell"
"254","Lemma   Chubby Queer Robot VTuber "
"255","Jack Lange"
"256","Queen Adrian     "
"257","Nabil H The Peacemaker             "
"258","millyjones09"
"259","Sam Murchison"
"260","Hunter Shuey"
"261","Lynn York"
"262","Jake Wolf"
"263","Cone Cougars"
"264","Hogan Windish"
"265","Jared Mathewson"
"266","Pres Cavenaugh"
"267","Kross Robinson"
"268","KJ Wells"
"269","Ryan Rouse"
"270","Matt Kemp"
"271","Grant Charles Jarman"
"272","Ethan McKay"
"273","Billy Godwin"
"274","asia     "
"275","clintonessay"
"276","Assignment Online Exams  Homework services"
"277","Kevin Westlake"
"278","Tim Marshall"
"279","Colby Dunaway"
"280","NC Literary Map"
"281","Chris Bott"
"282","NIKMFNASTY"
"283","Hunter Allen"
"284","Cathryn Bennett"
"285","Zack Budzik"
"286","UNCG Baseball"
"287","ChowanEsports"
"288","Logan Jones"
"289","Amberessay"
"290","Megan The Writer"
"291","Cool"
"292","Tasha The Writer"
"293","    Teya C     "
"294","UNCG Dining"
"295","keshawn"
"296","CA HCHAYA"
"297","CNNC"
"298","BearCatBasketball"
"299","Matt Vaughn"
"300","Gracie essays  Writer  online tutor"
"301","Candace"
"302","Bryan School at UNCG"
"303","dustee     "
"304","Chowan Athletics"
"305","Michelle    "
"306","John Edward Alley Jr"
"307","Lloyd Whittington"
"308","TBJ Raleigh Durham"
"309","Sean M Whiteford"
"310","Gabbie    "
"311","UNCG Registrar"
"312","TriadHistory"
"313","Stephanie Jobe"
"314","MIDNITEFLRE"
"315","LeighAnn Little"
"316","des"
"317","Dr  Peeples"
"318","Christopher"
"319","NBA2K22 Professional Badge Grinders           "
"320","Queen TMB    "
"321","Academic Writer Help"
"322","Tyliek                        "
"323","Chezley Royster  UNCG MLIS Student"
"324","taybae "
"325","Jasper Football"
"326","tina "
"327","that bitch         "
"328","Dr  G"
"329","Ryan Smith"
"330","BigDawgDerrick"
"331","Cameron Beard"
"332","Rogers Brewbaker"
"333","Athletes Lab"
"334","Matt Krause"
"335","The State Lottery"
"336","Unoo     "
"337","Jayde     "
"338","Sharon the Writer"
"339","UNCG Online"
"340","Jadon HOLLYWOOD Jones       "
"341","Lekendrick Garrett Jr"
"342","Jakharyn Parks"
"343","v         "
"344","Zayda     "
"345","4enoyreveHQ"
"346","The Jermario Thomas    "
"347","melina     "
"348","F I J I 2       T O X I C           "
"349","Greg Murray"
"350","Julie Irene Bost"
"351","K     "
"352","TASH"
"353","Jay Joseph"
"354","Ashlee Robinson"
"355","CALLOWAY ASSIGNMENTS   ONLINE CLASSES HELP"
"356","   SJ   "
"357","Tabby Marie       Queen Finn         "
"358","precious writers "
"359","genxgmom"
"360"," yourwritersimo"
"361","SF Guy who   s orginal account got sworded "
"362","Asinus Pervicax"
"363","judith the academic tramp"
"364","Spice Girl K    "
"365","PrinceOfGas"
"366","Yam Newton"
"367","CLB         "
"368","ami"
"369","RCABioDesign"
"370","Storms essays"
"371","Eric Ginsburg"
"372","P    "
"373","Morgan"
"374","Be   lla"
"375","Miyah     "
"376","USC Upstate Women s Basketball"
"377","TJones"
"378","Northx26"
"379","ruth osorio"
"380","Stupid Cancer"
"381","Nat   e    "
"382","WXII 12 News"
"383","Elecia Ja   nae"
"384","Elbert Rasay"
"385","Isys22Grady"
"386","     "
"387","Mother Bones"
"388","nightquann"
"389","Jordan Green"
"390","jenni     "
"391","Dave Walters"
"392","mari"
"393","Well Crafted NC"
"394","DigiLibraryUSSlavery"
"395","Jason Dudley"
"396","Charity    "
"397","Salome Knight"
"398","RobbyVit"
"399","Lillian   Published Model"
"400","Johnny     "
"401","Wes Gullett"
"402","KAYYBANDZ"
"403","Michael Clinton  M A "
"404","Louie Tran"
"405","DO MY COLLEGE ESSAYS  Hw  ONLINE EXAMS CENTER"
"406","KARA JANEL     "
"407","kyla    "
"408","Babagloria   "
"409","Anaboo"
"410","BA "
"411","              "
"412","444       "
"413","Lauren Kirkley"
"414","Ingles Markets"
"415","Pete Yanity"
"416","Kimberly Osborne"
"417","Keirra Papers"
"418","Turtle    "
"419","Black   Nerdy Designz"
"420","WHATCHO ASS SAY                      "
"421","Gerard DeBenedetto"
"422","alyssa fleischhauer"
"423","Jordan     "
"424","UNCG Speaking Center"
"425","Trina Patterson"
"426","Fall classes Assignments     "
"427","T       "
"428","drew    "
"429","Rae Bull"
"430","Nae "
"431","Heavy Handsome St  Patrick"
"432","Terah Harness"
"433","Drew Landers"
"434","doni     "
"435","USC Upstate SAAC"
"436","Tim Rose"
"437","MGCash17"
"438","Mike Jones"
"439","Frog24"
"440","Sunni Sutphin"
"441","Rocky Horton"
"442","UNCG Psych"
"443","Jacob Kipchillis"
"444","ESSAYS AND ASSIGNMENTS WRITING HELP"
"445","ShowKnowsIC   ID Intelligence Consulting LLC   EJ HC"
"446","Khadijah n Dem"
"447","Oasis Fan Account"
"448","nij              "
"449","Raen is hiding under your bed"
"450","Monroe"
"451","Mr BBQ chicken         "
"452","bria    "
"453","Academic Opportunities"
"454","          QuietRiot"
"455","THE FREELANCE PROFESSORS   1 5512927202"
"456","HOMEWORK   ASSIGNMENTS   ESSAYS   ONLINE CLASSES  "
"457","Se7en"
"458","UNCG School of Music"
"459","UNCG News"
"460","IGotTheKeis  SpartanStrong1891 "
"461","Clarion Pointe Greensboro Airport Hotel"
"462","        Hashim Warren"
"463","Kimberly  the Dissertating Informaticist"
"464","VII VII "
"465","VybezKitchen                "
"466","Chef Ky               "
"467","LB Sure"
"468","Popsy Kanagaratnam  ABD"
"469","holly jolly clitmas     "
"470","                   "
"471","Mike Steinbrook"
"472","WFMY News 2"
"473","RCsquaredLab"
"474","hannaH"
"475","Kierra Sattler"
"476","FlickmeupG        "
"477","dw     "
"478","Isa Alonso"
"479","Dr  Sealy Jefferson"
"480","Memphissippi Made"
"481","Candyce Wheeler"
"482","Sophie Paper Essay"
"483","Nicole Ambrose  MBA"
"484","     Hornbread     "
"485","Batanai"
"486","Kris Matthews   "
"487","STAR       "
"488","Lucy Lu"
"489","iJam"
"490","Janet Johnson"
"491","Lisa Harness"
"492","Jen Milner Rawlins"
"493","W L Austin Chapter"
"494","nique   "
"495","Average Joe"
"496","UNCG English Department"
"497","BlkMarthaStewart"
"498","UNCG HHS"
"499","Connecticut College"
"500","wluLex"
"501","                                              "
"502","Yarneccia D  Dyson"
"503","Washington and Lee University"
"504","J  Sam Cone"
"505","Lola Bruk"
"506","Monteleone"
"507","W L Women s Lacrosse"
"508","Dak"
"509","Waiyi Tse"
"510","Alicia  Ph D   Oizys acolyte account"
"511","Region 6 Comprehensive Center"
"512","W L University Store"
"513","Dave Goldblatt"
"514","Qween Ni"
"515","W L Mens Soccer"
"516","HVNLY cosmetics"
"517","Connecticut College Athletics"
"518","Generals Athletics"
"519","Stephanie"
"520","UNCG Success"
"521","Emma"
"522","caitlin stover"
"523","diamond    "
"524","NCFC 03 04 ECNL Elite Girls"
"525","CarlG theG"
"526","genieman"
"527","                                "
"528","Y A N N A"
"529","Motcho James"
"530","GIGGLEBRAINZ"
"531","storysouth com"
"532","UNCG SAAC"
"533","Greg                   "
"534","Keyford Langley"
"535","B  Universe  Jr "
"536","Dave Arnold"
"537","Silky Johnson"
"538","Jahilia"
"539","Mitzi DeLancey Vernon"
"540","Alonso"
"541","UNCG Basketball"
"542","Dean Castaldo"
"543","raebands    "
"544","Poetry Bot"
"545","Andy Hodges"
"546","Laura Davis"
"547","swag is Hamilton s middle name"
"548","UN Zimbabwe"
"549","Virtuous Belle NC"
"550","Terry Mapurisana"
"551","Isaiah Griffin"
"552","FiDALE Romeo Pearce"
"553","Chris Stave"
"554","Channing"
"555","Cousin"
"556","Coach Kap"
"557","    Beauty"
"558","Carl Chester Ragudo"
"559","Scorpio Szn Nov 13           "
"560","Jesin    "
"561","Sanctuary House"
"562","Delano Greer"
"563","Angel    "
"564","SlimeGod    "
"565","Kristin Rusboldt"
"566","Winthrop Live"
"567","Tiran"
"568","Se  or LoveDaddy"
"569","Clean Eatz Greensboro"
"570","Jonathan White"
"571","jon the aggie "
"572","Jen Farrell  PhD  LCSW  CMPC"
"573","theNabster  Doom  Gloom           "
"574","Jada Logan"
"575","Insa Lawler"
"576","Shannon Nicole     "
"577","EM"
"578","A  Miller"
"579","Ashley Leonard"
"580","HagenMinja"
"581","the one "
"582","Certified Writing girl     "
"583","Shethedreamchaser    "
"584","CamG44"
"585","sara    "
"586","Ash"
"587","Gav     "
"588","Amillia Huggins"
"589","Bryan Mederos"
"590","Monte Dutton"
"591","                     "
"592","    Valerie Arendt  MSW  MPP"
"593","UNCGSWK"
"594","Kevin Bostian"
"595","UNCG Men s Golf"
"596","Joel Ford"
"597","M k L G     10k Gold "
"598","Default Mii"
"599","Orph"
"600","  n    b  d  "
"601","   Dee   "
"602","Community Foundation of Greater Greensboro  Inc "
"603","Greg Vlazny"
"604","KJ Langley"
"605","LeMonke"
"606","brown ting"
"607","I dunno"
"608","Jon Henner"
"609","Ms  V  Harris"
"610","NCAA Buzzer Beaters   Game Winners"
"611","UNCG URSCO"
"612","ProQuest"
"613","Council of Graduate Schools"
"614","lil fisherman    "
"615","Sabrina Morrison"
"616","Kyla    "
"617","Nancy Hoffmann"
"618","Fluffleaf"
"619","Pamela Edwards"
"620","liyah louisiana     "
"621","india   "
"622","    storm"
"623","wolfvaeh   "
"624","Emily Strack Roberson"
"625","Women s NIVC"
"626","UNF Volleyball"
"627","No Love     "
"628","Elly Bookman"
"629","                        "
"630","Authentic essay writers"
"631","David Wyrick"
"632","Samantha The Writer"
"633","pam brown"
"634","Stephanie Lowe Ellis"
"635","ESSAYS  ASSIGNMENTS  ONLINE CLASSES  HOMEWORK"
"636","yano"
"637","Prof  Alfonso S  Restivo  Engl  Lang  Specialist  "
"638","Marketier       by GoSquad"
"639","Tafadzwa Chirinda"
"640","Laurens County Sports"
"641","Tutor Kevin"
"642","American Antiquarian Society"
"643","Elon Law"
"644","Robin Heed"
"645","Duke University Press"
"646","Nicole   "
"647","K  A  Wisniewski"
"648","Musonzah Witnes"
"649","   Karizma   s Devine Designs   "
"650","Angel Gonzalez"
"651","The Cannon Network    "
"652","Zoe the writer       "
"653","UNOPS Zimbabwe"
"654","Jobs retweeter"
"655","UNCG Athletics Compliance"
"656","Jody Smith"
"657","Aubrey Hite"
"658","Ben Bond Lamberty"
"659","Markus Wagner"
"660","Smriti Pehim Limbu"
"661","Quent Dawg     "
"662","docsechs"
"663","Cash    "
"664","IGARA        "
"665","Desphi"
"666","Destiny           "
"667"," Guccipick"
"668","ella disenchanted"
"669","         "
"670","Jill"
"671","FHS Girls Basketball"
"672","PaigeKindseth"
"673","Nolaborne Nana"
"674","Kevin Sweeney"
"675","RemoteLearning school"
"676","Kaylah     "
"677","Alaura Sharp"
"678","Soledad LardiesDunst"
"679","ivb     "
"680","Dev"
"681","Bri"
"682","Chloe"
"683","Presbyterian Women   s Basketball"
"684","D     "
"685","Big South Game Day"
"686","PC Athletics"
"687","Jas Palmer"
"688","Cynthia C "
"689","QUIROPEDIA "
"690","Tara Behrend"
"691","Mike Goodman"
"692","juli sa    "
"693","Hillside High School"
"694","Jessie Holmes"
"695","Kobe Langley"
"696","Blake Hamilton"
"697","GirlGotGame"
"698","Record and Landmark"
"699","iamanactualgoat"
"700","Charles Warren"
"701","Carson Paul"
"702","Rosie    "
"703","Katie Carpenter"
"704","isaiah mcgaha"
"705","Assignment Help 24 7"
"706","UNCG Libraries"
"707","Dr  Steven R  Cureton"
"708","RIPLEY22"
"709","Matt Esche"
"710","Keysha Your Writer"
"711","Leslie"
"712","Olivia          "
"713","Kei     "
"714","Writer Monica"
"715","ZACHISGOD"
"716","essay help"
"717","caro"
"718","Corinne Booth"
"719","Karis Jones  Ph D   she her "
"720","JoelLeeUNCG"
"721","EliteLocks"
"722","ThatLightskinGal        "
"723","KurMakesPlates"
"724","buddy the elf"
"725","j    "
"726","Nicholas Institute"
"727","LEI"
"728","BornFor ucce   T NC "
"729","Dr  Barbara Jones"
"730","   "
"731","Nathan Page"
"732","David Pickett"
"733","UNCG SNCAE"
"734","CG"
"735","Bas leyte"
"736","Phil"
"737","Text me  217 898 3038"
"738","Graysen Hunter"
"739","canhuang fang"
"740","George Pearkes"
"741","That Sports Guy"
"742","Degenerate Nation                   "
"743","Department of Kinesiology  UNCG"
"744","Marlow"
"745","Scared Money"
"746","UNCG Staff Senate"
"747","Raney"
"748","Train Capper"
"749","Maxwell Smart"
"750","Jbill"
"751","Southern Conference"
"752","CBB Europe"
"753","Janelle Breneman"
"754","writershub"
"755","Writer s Hub     "
"756","        "
"757","Duke Economics"
"758","Jay tobe"
"759","Rock  Co  Schools"
"760","DukeMEDx"
"761","Azariah Rafael"
"762","Duke I E"
"763","Accredited Essay Nerd "
"764","Albert Williams"
"765","Jeff Trivette"
"766","UNCG Sustainability"
"767","Dia Roberts"
"768","Austin Thimm"
"769","ESA Vegetation Section"
"770","Duke Graduate School"
"771","ParlaysForDays"
"772","Evan"
"773","Nicky   s Pickies"
"774","Sanford School of Public Policy"
"775","JT Money"
"776","Matt Waldman"
"777","Orzinho Hart"
"778","karch"
"779","Chorderline"
"780","Oliver R  Stone"
"781","North State Journal"
"782","Merna Forster"
"783","Peyton Powell"
"784","DaiBets"
"785","BrandonG"
"786","PA Picks"
"787","newslimreaper"
"788","M3MPHISFAN"
"789","Mastersportpicks"
"790","Squeeze Sports"
"791","OVO Vice Lord"
"792","Lizzie   "
"793","Unlimitedddddd"
"794","Ghost Rider         "
"795","James P  Albini"
"796","Pain Heals Chicks Dig Scars But Glory Lasts 4ever"
"797","Leonard Mansfield"
"798","The Guy With The MLB NFL NBA Picks     "
"799","Chris Krogman"
"800","BC in Houston"
"801","Jonathan Connaughty"
"802","Jiu Jitsu Jimmy"
"803","Motivation"
"804","Gillian Perry"
"805","Facs Sports"
"806","YaBoy519 613"
"807","mike"
"808","JERRYP"
"809","Stacks"
"810","M from the Northeast"
"811","Elchichorizo"
"812","Maynetayn"
"813","Gifted"
"814","casinopmusic"
"815","Ethel Prince"
"816","andyissports"
"817","Brandon"
"818","Joseph Devine"
"819","Leo"
"820","Ndre"
"821","Christopher P Hamner"
"822","Tim Halder"
"823","Spencer Connick"
"824","tffny246"
"825","Jeff Castille"
"826","Tommy2Plates"
"827","CERTIFIED HATER"
"828","Y2J"
"829","CoachMoney   "
"830","Drew Patel"
"831","Paul Schotz"
"832","MW"
"833","Eric Bird"
"834","S A"
"835","DoNot Pop"
"836","P        "
"837","Erik Olivas"
"838","Kevin"
"839","Ryan Shoultes"
"840","Kyler4MVP"
"841","D"
"842","Dylan"
"843","Dex"
"844","Manuel Miranda"
"845","WAM"
"846","Sosa The Locksmith"
"847","SimbaBets"
"848","Tree4me"
"849","Pacari"
"850","Spin Doctor Sports"
"851","Mike    Louie    Davis"
"852","GG"
"853","Sackup Sports"
"854","Maurice Corbett"
"855","TONYDaDome"
"856","GARDEN GIRL D76"
"857","DrMamaJones"
"858","DubClub"
"859","Kevin Patrick"
"860","Shou In Bets"
"861","BB"
"862","777 Picks"
"863","402SportsBets"
"864","RG Picks"
"865","Alex Snell"
"866","Your Weekly Spreads Podcast"
"867","Ian Cameron"
"868","Caribbean Capper                 "
"869","Elon Men s Basketball"
"870","AK Prop Bets"
"871","Elon News Network Sports"
"872","RUWT  NCAAB"
"873","Al shariss McDuffie"
"874","ASHLEY SOL     "
"875","Nikkie     Stacked Skin   Wax Beauty Studio"
"876","Sean Bilodeau"
"877","Zachary Adams"
"878","Dori"
"879","coursework help"
"880","UNCGXC"
"881","KEY    NA"
"882","Dayna Touron"
"883","Matt Fiander"
"884","Michael Green"
"885","Matthew Butensky"
"886","cydney"
"887","talia"
"888","ChristiS SWVA Vol                     "
"889","Lau"
"890","                           "
"891","shane"
"892","not 4szns"
"893","Brian Hall"
"894","CLG         "
"895","Tiffany Writes"
"896","Brian Harbach"
"897","Shaun Donithan         "
"898","Timothy Robbins OL 6   1 265"
"899","capt  hans             "
"900","Froggy Schrage"
"901"," Ryan Milani"
"902","Garrett Hauk"
"903","Denada Jackson"
"904","TD Defending Dreams"
"905","                    CoreBrandProposition"
"906","IF Tech"
"907","luke"
"908","DukeUEnergy"
"909","DCDIME "
"910","Barbara Duffield"
"911","Ryan Field"
"912","Sharp Snipers"
"913","A P     "
"914","RIP fredo  still sippin"
"915","Dr  Heather Moorefield Lang"
"916","Joshua Bland"
"917","Emma Essay Writing services"
"918","Nathaniel Reeves"
"919","Victoria Essay Assignment"
"920","Mason"
"921","Ashlie"
"922","ccagle12"
"923","Tri Star Sharp"
"924","David Carrell"
"925","Dach  ter"
"926","Dan Dakich"
"927","Janet Boseovski  PhD"
"928","NotIt"
"929","Megan Damico"
"930","Stigmabase   ORG"
"931","WMBF Sports"
"932","Morgan Frost"
"933","Parker Nannie"
"934","Dr  Angie Mullennix"
"935","Fan of the CWS 2021 National Champions"
"936","joyce    "
"937","TN Gridiron Scouting   TNGS  Carlos Younger        "
"938","William Keith"
"939","hawriver squire"
"940","Jackson McCommon"
"941","sharpbets"
"942","Luke Moore"
"943","Amy Lynn Holcomb"
"944","Beth Fischer"
"945","LET IT RIDE"
"946","James Tate Hill"
"947","Shawn Hardiman"
"948","Dylan Frulla"
"949","Tyler Kamler"
"950","Mike Crumpton"
"951","Gabriel A  Cruz   Ph ysically  D istant"
"952","Curtis Shannon Jr"
"953","Z72 52"
"954","kid "
"955","Ian Mumm"
"956","jajaqajar"
"957","Zy     "
"958","Uncle Gio     "
"959","Greensboro Youth Community Leaders L L C "
"960","UNCG Promotions"
"961","Erin Lawrimore"
"962","Sarah Gora"
"963","Samuel H Magill Jr"
"964","ni"
"965","Rick W"
"966","Kevina Lawrence"
"967","Sandy  19 26 0  total units 45 pct 42 "
"968","Nick Aceves"
"969","Megan Smolenyak                "
"970","blackmagic"
"971","Virginia      "
"972","Gabe McDonald"
"973","Hottie 4 Sports"
"974","19 "
"975","Cooper Watson"
"976","The NPD Group"
"977","Dr  Ellen L  Simms  she her"
"978","The Middle College at UNCG"
"979","UNCG Sociology"
"980","Alyssa Young"
"981","Sam Shine"
"982","BettingMachine"
"983","Michael Pontacoloni"
"984","Beat Southern"
"985","WEST"
"986","Sweet Jones Jr"
"987","The Lock Of Gibraltar"
"988","Naiyonah Essays Papers"
"989","Ruth McKenney"
"990","The Hooplife   Brand"
"991","Pick n Pop"
"992","Heather"
"993","Billy Gaskins"
"994","DJ Heartless"
"995","Robinhoodwagers"
"996","Lock In  Cash Out"
"997","Bet Big Win Big"
"998","Online Tutor Assignment Help Essay Exam"
"999","Jason A  Parsons"
"1000","UNCG Geography  Environment  and Sustainability"
"1001","CKC"
"1002","Rachel Kelly"
"1003","SoCon Locks"
"1004","    Maggie Murphy   "
"1005","Stacey Krim"
"1006","UNCG Archives"
"1007","marypapers WHATSAPP   1 410 914 7043"
"1008","Ashley Loper Nowak"
"1009","                                                                          "
"1010","Soon to be rich"
"1011","YourBoiJay   "
"1012","WFXR News"
"1013","The Big 3 for 3"
"1014","Doug Dimmalock"
"1015","                          "
"1016","Brax"
"1017","Hardy Har   "
"1018","Patrick"
"1019","Perry Safran"
"1020","Chem   Biochem UNCG"
"1021","Jason Williams"
"1022","Kymber    "
"1023","Darren Person"
"1024","Jenny DeGraaf"
"1025","Belmont Abbey"
"1026","Scarlet Tutor Homework Help Test Prep         "
"1027","Tony Venegas"
"1028","Conference Carolinas"
"1029","ken                 "
"1030","DeZ             "
"1031","Mike Harris"
"1032","a radical who cant get a man"
"1033","blp"
"1034","kayla     "
"1035","pretty     "
"1036","Daryl Shorter    "
"1037","quincey "
"1038","like   "
"1039","Sgt Woods with PTSD"
"1040","taye   "
"1041","Marilyn"
"1042","s "
"1043","Angela Welborn"
"1044","SalemMadeDre"
"1045","ACADEMIC PRODIGY  Essaypay  Essayhelp  Assignment "
"1046","Jeremiah Wilson"
"1047","Taylar"
"1048","Huey         "
"1049","Jessica"
"1050","The Mutiny"
"1051","M nai"
"1052","Val Essays  Exam  Online Class  Research Thesis"
"1053","usaussie   you ess oz ee"
"1054","EnACTeD"
"1055","UNCG Center for Youth  Family    Community Partner"
"1056","UNCG African Student Union"
"1057","Michael Pittard"
"1058","      Bucky Stutters         "
